https://www.war.gov/medialink/ufo/071026/release_04/documents/DOE-UAP-D004_Los-Alamos-Conference-on-Aerial-Phenomena_1949.pdf	raw/docs/DOE-UAP-D004_Los-Alamos-Conference-on-Aerial-Phenomena_1949.pdf
https://www.war.gov/medialink/ufo/071026/release_04/thumbnails/DOE-UAP-D004_Los-Alamos-Conference-on-Aerial-Phenomena_1949.jpg	raw/images/DOE-UAP-D004_Los-Alamos-Conference-on-Aerial-Phenomena_1949.jpg
https://www.war.gov/medialink/ufo/071026/release_04/documents/DOW-UAP-D094_Analysis-of-Flying-Object-Incidents-in-the-US_1949.pdf	raw/docs/DOW-UAP-D094_Analysis-of-Flying-Object-Incidents-in-the-US_1949.pdf
https://www.war.gov/medialink/ufo/071026/release_04/thumbnails/DOW-UAP-D094_Analysis-of-Flying-Object-Incidents-in-the-US_1949.jpg	raw/images/DOW-UAP-D094_Analysis-of-Flying-Object-Incidents-in-the-US_1949.jpg
https://www.war.gov/medialink/ufo/071026/release_04/documents/DOW-UAP-D097_Project-Sign-Progress-Report_1948.pdf	raw/docs/DOW-UAP-D097_Project-Sign-Progress-Report_1948.pdf
https://www.war.gov/medialink/ufo/071026/release_04/thumbnails/DOW-UAP-D097_Project-Sign-Progress-Report_1948.jpg	raw/images/DOW-UAP-D097_Project-Sign-Progress-Report_1948.jpg
https://www.war.gov/medialink/ufo/071026/release_04/documents/NASA-UAP-D030_STS-80-Unidentified-Object-Image1_1996.jpg	raw/images/NASA-UAP-D030_STS-80-Unidentified-Object-Image1_1996.jpg
https://www.war.gov/medialink/ufo/071026/release_04/thumbnails/NASA-UAP-D030_STS-80-Unidentified-Object-Image1_1996.jpg	raw/images/NASA-UAP-D030_STS-80-Unidentified-Object-Image1_1996.jpg
https://www.war.gov/medialink/ufo/071026/release_04/documents/NASA-UAP-D031_STS-80-Unidentified-Object-Image2_1996.jpg	raw/images/NASA-UAP-D031_STS-80-Unidentified-Object-Image2_1996.jpg
https://www.war.gov/medialink/ufo/071026/release_04/thumbnails/NASA-UAP-D031_STS-80-Unidentified-Object-Image2_1996.jpg	raw/images/NASA-UAP-D031_STS-80-Unidentified-Object-Image2_1996.jpg
https://www.war.gov/medialink/ufo/071026/release_04/documents/NASA-UAP-D032_STS-80-Unidentified-Object-Image3_1996.jpg	raw/images/NASA-UAP-D032_STS-80-Unidentified-Object-Image3_1996.jpg
https://www.war.gov/medialink/ufo/071026/release_04/thumbnails/NASA-UAP-D032_STS-80-Unidentified-Object-Image3_1996.jpg	raw/images/NASA-UAP-D032_STS-80-Unidentified-Object-Image3_1996.jpg
https://www.war.gov/medialink/ufo/release_1/18_100754_ general 1946-7_vol_2.pdf	raw/docs/18_100754__general_1946-7_vol_2.pdf
https://www.war.gov/medialink/ufo/release_1/thumbnail/18_100754_ general 1946-7_vol_2.jpg	raw/images/18_100754__general_1946-7_vol_2.jpg
https://www.war.gov/medialink/ufo/release_1/18_6369445_general_1948_vol_1.pdf	raw/docs/18_6369445_general_1948_vol_1.pdf
https://www.war.gov/medialink/ufo/release_1/thumbnail/18_6369445_general_1948_vol_1.jpg	raw/images/18_6369445_general_1948_vol_1.jpg
https://www.war.gov/medialink/ufo/release_1/255_413270_ufo's_and_defense_what_should_we_prepare_for.pdf	raw/docs/255_413270_ufo_s_and_defense_what_should_we_prepare_for.pdf
https://www.war.gov/medialink/ufo/release_1/thumbnail/255_413270_ufo's_and_defense_what_should_we_prepare_for.jpg	raw/images/255_413270_ufo_s_and_defense_what_should_we_prepare_for.jpg
https://www.war.gov/medialink/ufo/release_1/331_120752_numeric_files_1944–1945_37153_german_armament_equipment_documents.pdf	raw/docs/331_120752_numeric_files_1944_1945_37153_german_armament_equipment_documents.pdf
https://www.war.gov/medialink/ufo/release_1/thumbnail/331_120752_numeric_files_1944–1945_37153_german_armament_equipment_documents.jpg	raw/images/331_120752_numeric_files_1944_1945_37153_german_armament_equipment_documents.jpg
https://www.war.gov/medialink/ufo/release_1/341_110448_records_relating_to_the_collection_and_dissemination_of_intelligence_1948-1955-ts_cont_no.2_2-5300-2-5399.pdf	raw/docs/341_110448_records_relating_to_the_collection_and_dissemination_of_intelligence_1948-1955-ts_cont_no.2_2-5300-2-5399.pdf
https://www.war.gov/medialink/ufo/release_1/thumbnail/341_110448_records_relating_to_the_collection_and_dissemination_of_intelligence_1948-1955-ts_cont_no.2_2-5300-2-5399.jpg	raw/images/341_110448_records_relating_to_the_collection_and_dissemination_of_intelligence_1948-1955-ts_cont_no.2_2-5300-2-5399.jpg
https://www.war.gov/medialink/ufo/release_1/341_110677_numerical_file_5-2500.pdf	raw/docs/341_110677_numerical_file_5-2500.pdf
https://www.war.gov/medialink/ufo/release_1/thumbnail/341_110677_numerical_file_5-2500.jpg	raw/images/341_110677_numerical_file_5-2500.jpg
https://www.war.gov/medialink/ufo/release_1/342_hs1-416511228_box186_319.1-flying-discs-1949.pdf	raw/docs/342_hs1-416511228_box186_319.1-flying-discs-1949.pdf
https://www.war.gov/medialink/ufo/release_1/thumbnail/342_hs1-416511228_box186_319.1-flying-discs-1949.jpg	raw/images/342_hs1-416511228_box186_319.1-flying-discs-1949.jpg
https://www.war.gov/medialink/ufo/release_1/38_143685_box7_incident_summaries_101-172.pdf	raw/docs/38_143685_box7_incident_summaries_101-172.pdf
https://www.war.gov/medialink/ufo/release_1/thumbnail/38_143685_box7_incident_summaries_101-172.jpg	raw/images/38_143685_box7_incident_summaries_101-172.jpg
https://www.war.gov/medialink/ufo/release_1/38_143685_box7_incident_summaries_173-233.pdf	raw/docs/38_143685_box7_incident_summaries_173-233.pdf
https://www.war.gov/medialink/ufo/release_1/thumbnail/38_143685_box7_incident_summaries_173-233.jpg	raw/images/38_143685_box7_incident_summaries_173-233.jpg
https://www.war.gov/medialink/ufo/release_1/38_143685_box7_incident_summaries_1-100.pdf	raw/docs/38_143685_box7_incident_summaries_1-100.pdf
https://www.war.gov/medialink/ufo/release_1/thumbnail/38_143685_box7_incident_summaries_1-100.jpg	raw/images/38_143685_box7_incident_summaries_1-100.jpg
https://www.war.gov/medialink/ufo/release_1/59_214434_sp_16_[7.18.1963].pdf	raw/docs/59_214434_sp_16__7.18.1963.pdf
https://www.war.gov/medialink/ufo/release_1/thumbnail/59_214434_sp_16_[7.18.1963].jpg	raw/images/59_214434_sp_16__7.18.1963.jpg
https://www.war.gov/medialink/ufo/release_1/59_64634_711.5612[7-2852.pdf	raw/docs/59_64634_711.5612_7-2852.pdf
https://www.war.gov/medialink/ufo/release_1/thumbnail/59_64634_711.5612[7-2852.jpg	raw/images/59_64634_711.5612_7-2852.jpg
https://www.war.gov/medialink/ufo/release_1/65_hs1-101634279_100-de-18221_serial_844.pdf	raw/docs/65_hs1-101634279_100-de-18221_serial_844.pdf
https://www.war.gov/medialink/ufo/release_1/thumbnail/65_hs1-101634279_100-de-18221_serial_844.jpg	raw/images/65_hs1-101634279_100-de-18221_serial_844.jpg
https://www.war.gov/medialink/ufo/release_1/65_hs1-101634279_100-de-26505.pdf	raw/docs/65_hs1-101634279_100-de-26505.pdf
https://www.war.gov/medialink/ufo/release_1/thumbnail/65_hs1-101634279_100-de-26505.jpg	raw/images/65_hs1-101634279_100-de-26505.jpg
https://www.war.gov/medialink/ufo/release_1/65_hs1-834228961_62-hq-83894_section_1.pdf	raw/docs/65_hs1-834228961_62-hq-83894_section_1.pdf
https://www.war.gov/medialink/ufo/release_1/thumbnail/65_hs1-834228961_62-hq-83894_section_1.jpg	raw/images/65_hs1-834228961_62-hq-83894_section_1.jpg
https://www.war.gov/medialink/ufo/release_1/65_hs1-834228961_62-hq-83894_section_2.pdf	raw/docs/65_hs1-834228961_62-hq-83894_section_2.pdf
https://www.war.gov/medialink/ufo/release_1/thumbnail/65_hs1-834228961_62-hq-83894_section_2.jpg	raw/images/65_hs1-834228961_62-hq-83894_section_2.jpg
https://www.war.gov/medialink/ufo/release_1/65_hs1-834228961_62-hq-83894_section_3.pdf	raw/docs/65_hs1-834228961_62-hq-83894_section_3.pdf
https://www.war.gov/medialink/ufo/release_1/thumbnail/65_hs1-834228961_62-hq-83894_section_3.jpg	raw/images/65_hs1-834228961_62-hq-83894_section_3.jpg
https://www.war.gov/medialink/ufo/release_1/65_hs1-834228961_62-hq-83894_section_4.pdf	raw/docs/65_hs1-834228961_62-hq-83894_section_4.pdf
https://www.war.gov/medialink/ufo/release_1/thumbnail/65_hs1-834228961_62-hq-83894_section_4.jpg	raw/images/65_hs1-834228961_62-hq-83894_section_4.jpg
https://www.war.gov/medialink/ufo/release_1/65_hs1-834228961_62-hq-83894_section_5.pdf	raw/docs/65_hs1-834228961_62-hq-83894_section_5.pdf
https://www.war.gov/medialink/ufo/release_1/thumbnail/65_hs1-834228961_62-hq-83894_section_5.jpg	raw/images/65_hs1-834228961_62-hq-83894_section_5.jpg
https://www.war.gov/medialink/ufo/release_1/65_hs1-834228961_62-hq-83894_section_6.pdf	raw/docs/65_hs1-834228961_62-hq-83894_section_6.pdf
https://www.war.gov/medialink/ufo/release_1/thumbnail/65_hs1-834228961_62-hq-83894_section_6.jpg	raw/images/65_hs1-834228961_62-hq-83894_section_6.jpg
https://www.war.gov/medialink/ufo/release_1/65_hs1-834228961_62-hq-83894_section_7.pdf	raw/docs/65_hs1-834228961_62-hq-83894_section_7.pdf
https://www.war.gov/medialink/ufo/release_1/thumbnail/65_hs1-834228961_62-hq-83894_section_7.jpg	raw/images/65_hs1-834228961_62-hq-83894_section_7.jpg
https://www.war.gov/medialink/ufo/release_1/65_hs1-834228961_62-hq-83894_section_8.pdf	raw/docs/65_hs1-834228961_62-hq-83894_section_8.pdf
https://www.war.gov/medialink/ufo/release_1/thumbnail/65_hs1-834228961_62-hq-83894_section_8.jpg	raw/images/65_hs1-834228961_62-hq-83894_section_8.jpg
https://www.war.gov/medialink/ufo/release_1/65_hs1-834228961_62-hq-83894_section_9.pdf	raw/docs/65_hs1-834228961_62-hq-83894_section_9.pdf
https://www.war.gov/medialink/ufo/release_1/thumbnail/65_hs1-834228961_62-hq-83894_section_9.jpg	raw/images/65_hs1-834228961_62-hq-83894_section_9.jpg
https://www.war.gov/medialink/ufo/release_1/65_hs1-834228961_62-hq-83894_section_10.pdf	raw/docs/65_hs1-834228961_62-hq-83894_section_10.pdf
https://www.war.gov/medialink/ufo/release_1/thumbnail/65_hs1-834228961_62-hq-83894_section_10.jpg	raw/images/65_hs1-834228961_62-hq-83894_section_10.jpg
https://www.war.gov/medialink/ufo/release_1/65_hs1-834228961_62-hq-83894_serial_130.pdf	raw/docs/65_hs1-834228961_62-hq-83894_serial_130.pdf
https://www.war.gov/medialink/ufo/release_1/thumbnail/65_hs1-834228961_62-hq-83894_serial_130.jpg	raw/images/65_hs1-834228961_62-hq-83894_serial_130.jpg
https://www.war.gov/medialink/ufo/release_1/65_hs1-834228961_62-hq-83894_serial_153.pdf	raw/docs/65_hs1-834228961_62-hq-83894_serial_153.pdf
https://www.war.gov/medialink/ufo/release_1/thumbnail/65_hs1-834228961_62-hq-83894_serial_153.jpg	raw/images/65_hs1-834228961_62-hq-83894_serial_153.jpg
https://www.war.gov/medialink/ufo/release_1/65_hs1-834228961_62-hq-83894_serial_164.pdf	raw/docs/65_hs1-834228961_62-hq-83894_serial_164.pdf
https://www.war.gov/medialink/ufo/release_1/thumbnail/65_hs1-834228961_62-hq-83894_serial_164.jpg	raw/images/65_hs1-834228961_62-hq-83894_serial_164.jpg
https://www.war.gov/medialink/ufo/release_1/65_hs1-834228961_62-hq-83894_serial_220.pdf	raw/docs/65_hs1-834228961_62-hq-83894_serial_220.pdf
https://www.war.gov/medialink/ufo/release_1/thumbnail/65_hs1-834228961_62-hq-83894_serial_220.jpg	raw/images/65_hs1-834228961_62-hq-83894_serial_220.jpg
https://www.war.gov/medialink/ufo/release_1/65_hs1-834228961_62-hq-83894_serial_403.pdf	raw/docs/65_hs1-834228961_62-hq-83894_serial_403.pdf
https://www.war.gov/medialink/ufo/release_1/thumbnail/65_hs1-834228961_62-hq-83894_serial_403.jpg	raw/images/65_hs1-834228961_62-hq-83894_serial_403.jpg
https://www.war.gov/medialink/ufo/release_1/65_hs1-834228961_62-hq-83894_serial_438.pdf	raw/docs/65_hs1-834228961_62-hq-83894_serial_438.pdf
https://www.war.gov/medialink/ufo/release_1/thumbnail/65_hs1-834228961_62-hq-83894_serial_438.jpg	raw/images/65_hs1-834228961_62-hq-83894_serial_438.jpg
https://www.war.gov/medialink/ufo/release_1/65_hs1-834228961_62-hq-83894_serial_449.pdf	raw/docs/65_hs1-834228961_62-hq-83894_serial_449.pdf
https://www.war.gov/medialink/ufo/release_1/thumbnail/65_hs1-834228961_62-hq-83894_serial_449.jpg	raw/images/65_hs1-834228961_62-hq-83894_serial_449.jpg
https://www.war.gov/medialink/ufo/release_1/65_hs1-834228961_62-hq-83894_sub_a.pdf	raw/docs/65_hs1-834228961_62-hq-83894_sub_a.pdf
https://www.war.gov/medialink/ufo/release_1/thumbnail/65_hs1-834228961_62-hq-83894_sub_a.jpg	raw/images/65_hs1-834228961_62-hq-83894_sub_a.jpg
https://www.war.gov/medialink/ufo/061226/release_03/documents/CIA-UAP-002_Scientific-Advisory-Panel-on-Unidentified-Flying-Objects_Report_1952-1953.pdf	raw/docs/CIA-UAP-002_Scientific-Advisory-Panel-on-Unidentified-Flying-Objects_Report_1952-1953.pdf
https://www.war.gov/medialink/ufo/061226/release_03/thumbnails/CIA-UAP-002_Scientific-Advisory-Panel-on-Unidentified-Flying-Objects_Report_1952-1953.jpg	raw/images/CIA-UAP-002_Scientific-Advisory-Panel-on-Unidentified-Flying-Objects_Report_1952-1953.jpg
https://www.war.gov/medialink/ufo/061226/release_03/documents/CIA-UAP-003-THE_CENTRAL_INTELLIGENCE_AGENCY_AND_OVERHEAD_RECONNAISSANCE-THE_U-2_AND_OXCART_PROGRAMS_1954-1974.pdf	raw/docs/CIA-UAP-003-THE_CENTRAL_INTELLIGENCE_AGENCY_AND_OVERHEAD_RECONNAISSANCE-THE_U-2_AND_OXCART_PROGRAMS_1954-1974.pdf
https://www.war.gov/medialink/ufo/061226/release_03/thumbnails/CIA-UAP-003-THE_CENTRAL_INTELLIGENCE_AGENCY_AND_OVERHEAD_RECONNAISSANCE-THE_U-2_AND_OXCART_PROGRAMS_1954-1974.jpg	raw/images/CIA-UAP-003-THE_CENTRAL_INTELLIGENCE_AGENCY_AND_OVERHEAD_RECONNAISSANCE-THE_U-2_AND_OXCART_PROGRAMS_1954-1974.jpg
https://www.war.gov/medialink/ufo/061226/release_03/documents/CIA-UAP-004-CASE_17708_CLOSED_AND_DR_LEON_DAVIDSON.pdf	raw/docs/CIA-UAP-004-CASE_17708_CLOSED_AND_DR_LEON_DAVIDSON.pdf
https://www.war.gov/medialink/ufo/061226/release_03/thumbnails/CIA-UAP-004-CASE_17708_CLOSED_AND_DR_LEON_DAVIDSON.jpg	raw/images/CIA-UAP-004-CASE_17708_CLOSED_AND_DR_LEON_DAVIDSON.jpg
https://www.war.gov/medialink/ufo/061226/release_03/documents/CIA-UAP-005-GERMAN_SCIENTISTS_ ARTICLE_ON_FLYING_DISCS.pdf	raw/docs/CIA-UAP-005-GERMAN_SCIENTISTS__ARTICLE_ON_FLYING_DISCS.pdf
https://www.war.gov/medialink/ufo/061226/release_03/thumbnails/CIA-UAP-005-GERMAN_SCIENTISTS_ ARTICLE_ON_FLYING_DISCS.jpg	raw/images/CIA-UAP-005-GERMAN_SCIENTISTS__ARTICLE_ON_FLYING_DISCS.jpg
https://www.war.gov/medialink/ufo/061226/release_03/documents/CIA-UAP-006_Sighting_of_Unconventional_Aircraft.pdf	raw/docs/CIA-UAP-006_Sighting_of_Unconventional_Aircraft.pdf
https://www.war.gov/medialink/ufo/061226/release_03/thumbnails/CIA-UAP-006_Sighting_of_Unconventional_Aircraft.jpg	raw/images/CIA-UAP-006_Sighting_of_Unconventional_Aircraft.jpg
https://www.war.gov/medialink/ufo/061226/release_03/documents/CIA-UAP-007_Current_Status_of_Unidentified_Flying_Objects_UFO_Project.pdf	raw/docs/CIA-UAP-007_Current_Status_of_Unidentified_Flying_Objects_UFO_Project.pdf
https://www.war.gov/medialink/ufo/061226/release_03/thumbnails/CIA-UAP-007_Current_Status_of_Unidentified_Flying_Objects_UFO_Project.jpg	raw/images/CIA-UAP-007_Current_Status_of_Unidentified_Flying_Objects_UFO_Project.jpg
https://www.war.gov/medialink/ufo/061226/release_03/documents/CIA-UAP-008_SPECULATIVE_PAPER_BY_N_KARDASHEV_AND_A_SAKHAROV.pdf	raw/docs/CIA-UAP-008_SPECULATIVE_PAPER_BY_N_KARDASHEV_AND_A_SAKHAROV.pdf
https://www.war.gov/medialink/ufo/061226/release_03/thumbnails/CIA-UAP-008_SPECULATIVE_PAPER_BY_N_KARDASHEV_AND_A_SAKHAROV.jpg	raw/images/CIA-UAP-008_SPECULATIVE_PAPER_BY_N_KARDASHEV_AND_A_SAKHAROV.jpg
https://www.war.gov/medialink/ufo/061226/release_03/documents/CIA-UAP-009-UNKNOWN-FLYING_OBJECTS_OBERVED_OVER_BUDAPEST.pdf	raw/docs/CIA-UAP-009-UNKNOWN-FLYING_OBJECTS_OBERVED_OVER_BUDAPEST.pdf
https://www.war.gov/medialink/ufo/061226/release_03/thumbnails/CIA-UAP-009-UNKNOWN-FLYING_OBJECTS_OBERVED_OVER_BUDAPEST.jpg	raw/images/CIA-UAP-009-UNKNOWN-FLYING_OBJECTS_OBERVED_OVER_BUDAPEST.jpg
https://www.war.gov/medialink/ufo/061226/release_03/documents/CIA-UAP-010_REPORT_ON_CONVERSATIONS_WITH_SOVIET_SCIENTISTS_ON_SUBJECT_OF_UNIDENTIFIED_FLYING_OBJECTS_IS_THE_USSR.pdf	raw/docs/CIA-UAP-010_REPORT_ON_CONVERSATIONS_WITH_SOVIET_SCIENTISTS_ON_SUBJECT_OF_UNIDENTIFIED_FLYING_OBJECTS_IS_THE_USSR.pdf
https://www.war.gov/medialink/ufo/061226/release_03/thumbnails/CIA-UAP-010_REPORT_ON_CONVERSATIONS_WITH_SOVIET_SCIENTISTS_ON_SUBJECT_OF_UNIDENTIFIED_FLYING_OBJECTS_IS_THE_USSR.jpg	raw/images/CIA-UAP-010_REPORT_ON_CONVERSATIONS_WITH_SOVIET_SCIENTISTS_ON_SUBJECT_OF_UNIDENTIFIED_FLYING_OBJECTS_IS_THE_USSR.jpg
https://www.war.gov/medialink/ufo/061226/release_03/documents/CIA-UAP-011-The_Sary_Shagan_Weapons_Testing_Range.pdf	raw/docs/CIA-UAP-011-The_Sary_Shagan_Weapons_Testing_Range.pdf
https://www.war.gov/medialink/ufo/061226/release_03/thumbnails/CIA-UAP-011-The_Sary_Shagan_Weapons_Testing_Range.jpg	raw/images/CIA-UAP-011-The_Sary_Shagan_Weapons_Testing_Range.jpg
https://www.war.gov/medialink/ufo/061226/release_03/documents/CIA-UAP-012-Combatting_Fatigue_in_Crewmembers.pdf	raw/docs/CIA-UAP-012-Combatting_Fatigue_in_Crewmembers.pdf
https://www.war.gov/medialink/ufo/061226/release_03/thumbnails/CIA-UAP-012-Combatting_Fatigue_in_Crewmembers.jpg	raw/images/CIA-UAP-012-Combatting_Fatigue_in_Crewmembers.jpg
https://www.war.gov/medialink/ufo/061226/release_03/documents/CIA-UAP-013-Report_of_Unusual_Flying_Object_Sightings_and_Attendant_Scientific_Activity.pdf	raw/docs/CIA-UAP-013-Report_of_Unusual_Flying_Object_Sightings_and_Attendant_Scientific_Activity.pdf
https://www.war.gov/medialink/ufo/061226/release_03/thumbnails/CIA-UAP-013-Report_of_Unusual_Flying_Object_Sightings_and_Attendant_Scientific_Activity.jpg	raw/images/CIA-UAP-013-Report_of_Unusual_Flying_Object_Sightings_and_Attendant_Scientific_Activity.jpg
https://www.war.gov/medialink/ufo/061226/release_03/documents/CIA-UAP-014_British_Activity_in_the_Field_of_Unidentified_Flying_Objects.pdf	raw/docs/CIA-UAP-014_British_Activity_in_the_Field_of_Unidentified_Flying_Objects.pdf
https://www.war.gov/medialink/ufo/061226/release_03/thumbnails/CIA-UAP-014_British_Activity_in_the_Field_of_Unidentified_Flying_Objects.jpg	raw/images/CIA-UAP-014_British_Activity_in_the_Field_of_Unidentified_Flying_Objects.jpg
https://www.war.gov/medialink/ufo/061226/release_03/documents/CIA-UAP-015-Project_Blue_Book_Special_Report_No_14.pdf	raw/docs/CIA-UAP-015-Project_Blue_Book_Special_Report_No_14.pdf
https://www.war.gov/medialink/ufo/061226/release_03/thumbnails/CIA-UAP-015-Project_Blue_Book_Special_Report_No_14.jpg	raw/images/CIA-UAP-015-Project_Blue_Book_Special_Report_No_14.jpg
https://www.war.gov/medialink/ufo/061226/release_03/documents/CIA-UAP-016-Sightings_of_Unidentified_Flying_Ojbects_in_Ladakh_Nepal_Sikkim_and_Bhutan.pdf	raw/docs/CIA-UAP-016-Sightings_of_Unidentified_Flying_Ojbects_in_Ladakh_Nepal_Sikkim_and_Bhutan.pdf
https://www.war.gov/medialink/ufo/061226/release_03/thumbnails/CIA-UAP-016-Sightings_of_Unidentified_Flying_Ojbects_in_Ladakh_Nepal_Sikkim_and_Bhutan.jpg	raw/images/CIA-UAP-016-Sightings_of_Unidentified_Flying_Ojbects_in_Ladakh_Nepal_Sikkim_and_Bhutan.jpg
https://www.war.gov/medialink/ufo/061226/release_03/documents/CIA-UAP-017_Placement_on_High_Alert_Due_to_Perceived_Aggressive_Foreign_Posturing.pdf	raw/docs/CIA-UAP-017_Placement_on_High_Alert_Due_to_Perceived_Aggressive_Foreign_Posturing.pdf
https://www.war.gov/medialink/ufo/061226/release_03/thumbnails/CIA-UAP-017_Placement_on_High_Alert_Due_to_Perceived_Aggressive_Foreign_Posturing.jpg	raw/images/CIA-UAP-017_Placement_on_High_Alert_Due_to_Perceived_Aggressive_Foreign_Posturing.jpg
https://www.war.gov/medialink/ufo/061226/release_03/documents/CIA-UAP-018_Report_of_Unusual_Flying_Object_Sightings_and_Attendant_Scientific_Activity.pdf	raw/docs/CIA-UAP-018_Report_of_Unusual_Flying_Object_Sightings_and_Attendant_Scientific_Activity.pdf
https://www.war.gov/medialink/ufo/061226/release_03/thumbnails/CIA-UAP-018_Report_of_Unusual_Flying_Object_Sightings_and_Attendant_Scientific_Activity.jpg	raw/images/CIA-UAP-018_Report_of_Unusual_Flying_Object_Sightings_and_Attendant_Scientific_Activity.jpg
https://www.war.gov/medialink/ufo/061226/release_03/documents/CIA-UAP-019-Australian_Dept_of_Defense_Scientific_and_Intel_Aspects_of_the_UFO_Problem.pdf	raw/docs/CIA-UAP-019-Australian_Dept_of_Defense_Scientific_and_Intel_Aspects_of_the_UFO_Problem.pdf
https://www.war.gov/medialink/ufo/061226/release_03/thumbnails/CIA-UAP-019-Australian_Dept_of_Defense_Scientific_and_Intel_Aspects_of_the_UFO_Problem.jpg	raw/images/CIA-UAP-019-Australian_Dept_of_Defense_Scientific_and_Intel_Aspects_of_the_UFO_Problem.jpg
https://www.war.gov/medialink/ufo/052226/release_02/documents/CIA-UAP-D001_Intelligence_Information_Report_USSR_1973.pdf	raw/docs/CIA-UAP-D001_Intelligence_Information_Report_USSR_1973.pdf
https://www.war.gov/medialink/ufo/052226/release_02/thumbnails/CIA-UAP-D001_Intelligence_Information_Report_USSR_1973.jpg	raw/images/CIA-UAP-D001_Intelligence_Information_Report_USSR_1973.jpg
https://www.war.gov/medialink/ufo/071026/release_04/documents/CIA-UAP-D020_Memorandum-on-Unconventional-Aircraft-Sightings_1955.pdf	raw/docs/CIA-UAP-D020_Memorandum-on-Unconventional-Aircraft-Sightings_1955.pdf
https://www.war.gov/medialink/ufo/071026/release_04/thumbnails/CIA-UAP-D020_Memorandum-on-Unconventional-Aircraft-Sightings_1955.jpg	raw/images/CIA-UAP-D020_Memorandum-on-Unconventional-Aircraft-Sightings_1955.jpg
https://www.war.gov/medialink/ufo/071026/release_04/documents/CIA-UAP-D021_Analysis-of-Unconventional-Aircraft-Sightings_1955.pdf	raw/docs/CIA-UAP-D021_Analysis-of-Unconventional-Aircraft-Sightings_1955.pdf
https://www.war.gov/medialink/ufo/071026/release_04/thumbnails/CIA-UAP-D021_Analysis-of-Unconventional-Aircraft-Sightings_1955.jpg	raw/images/CIA-UAP-D021_Analysis-of-Unconventional-Aircraft-Sightings_1955.jpg
https://www.war.gov/medialink/ufo/052226/release_02/documents/DOE-UAP-D001_PANTEX_Image.pdf	raw/docs/DOE-UAP-D001_PANTEX_Image.pdf
https://www.war.gov/medialink/ufo/052226/release_02/thumbnails/DOE-UAP-D001_PANTEX_Image.jpg	raw/images/DOE-UAP-D001_PANTEX_Image.jpg
https://www.war.gov/medialink/ufo/052226/release_02/documents/DOE-UAP-D002_JamesTuck_Correspondence.pdf	raw/docs/DOE-UAP-D002_JamesTuck_Correspondence.pdf
https://www.war.gov/medialink/ufo/052226/release_02/thumbnails/DOE-UAP-D002_JamesTuck_Correspondence.jpg	raw/images/DOE-UAP-D002_JamesTuck_Correspondence.jpg
https://www.war.gov/medialink/ufo/052226/release_02/documents/DOE-UAP-D003_Pajarito_Astronomers.pdf	raw/docs/DOE-UAP-D003_Pajarito_Astronomers.pdf
https://www.war.gov/medialink/ufo/052226/release_02/thumbnails/DOE-UAP-D003_Pajarito_Astronomers.jpg	raw/images/DOE-UAP-D003_Pajarito_Astronomers.jpg
https://www.war.gov/medialink/ufo/071026/release_04/documents/DOE-UAP-D005_Pantex-Unidentified-Object-Incident-Report_2015.pdf	raw/docs/DOE-UAP-D005_Pantex-Unidentified-Object-Incident-Report_2015.pdf
https://www.war.gov/medialink/ufo/071026/release_04/thumbnails/DOE-UAP-D005_Pantex-Unidentified-Object-Incident-Report_2015.jpg	raw/images/DOE-UAP-D005_Pantex-Unidentified-Object-Incident-Report_2015.jpg
https://www.war.gov/medialink/ufo/release_1/dow-uap-d3-mission-report-arabian-gulf-2020.pdf	raw/docs/dow-uap-d3-mission-report-arabian-gulf-2020.pdf
https://www.war.gov/medialink/ufo/release_1/thumbnail/dow-uap-d3-mission-report-arabian-gulf-2020.jpg	raw/images/dow-uap-d3-mission-report-arabian-gulf-2020.jpg
https://www.war.gov/medialink/ufo/release_1/dow-uap-d4-mission-report-arabian-gulf-2020.pdf	raw/docs/dow-uap-d4-mission-report-arabian-gulf-2020.pdf
https://www.war.gov/medialink/ufo/release_1/thumbnail/dow-uap-d4-mission-report-arabian-gulf-2020.jpg	raw/images/dow-uap-d4-mission-report-arabian-gulf-2020.jpg
https://www.war.gov/medialink/ufo/release_1/dow-uap-d5-mission-report-arabian-gulf-2020.pdf	raw/docs/dow-uap-d5-mission-report-arabian-gulf-2020.pdf
https://www.war.gov/medialink/ufo/release_1/thumbnail/dow-uap-d5-mission-report-arabian-gulf-2020.jpg	raw/images/dow-uap-d5-mission-report-arabian-gulf-2020.jpg
https://www.war.gov/medialink/ufo/release_1/dow-uap-d6-mission-report-arabian-gulf-2020.pdf	raw/docs/dow-uap-d6-mission-report-arabian-gulf-2020.pdf
https://www.war.gov/medialink/ufo/release_1/thumbnail/dow-uap-d6-mission-report-arabian-gulf-2020.jpg	raw/images/dow-uap-d6-mission-report-arabian-gulf-2020.jpg
https://www.war.gov/medialink/ufo/release_1/dow-uap-d7-mission-report-arabian-gulf-2020.pdf	raw/docs/dow-uap-d7-mission-report-arabian-gulf-2020.pdf
https://www.war.gov/medialink/ufo/release_1/thumbnail/dow-uap-d7-mission-report-arabian-gulf-2020.jpg	raw/images/dow-uap-d7-mission-report-arabian-gulf-2020.jpg
https://www.war.gov/medialink/ufo/release_1/dow-uap-d8-mission-report-djibouti-2025.pdf	raw/docs/dow-uap-d8-mission-report-djibouti-2025.pdf
https://www.war.gov/medialink/ufo/release_1/thumbnail/dow-uap-d8-mission-report-djibouti-2025.jpg	raw/images/dow-uap-d8-mission-report-djibouti-2025.jpg
https://www.war.gov/medialink/ufo/release_1/dow-uap-d10-mission-report-middle-east-may-2022.pdf	raw/docs/dow-uap-d10-mission-report-middle-east-may-2022.pdf
https://www.war.gov/medialink/ufo/release_1/thumbnail/dow-uap-d10-mission-report-middle-east-may-2022.jpg	raw/images/dow-uap-d10-mission-report-middle-east-may-2022.jpg
https://www.war.gov/medialink/ufo/release_1/dow-uap-d12-mission-report-iraq-may-2022.pdf	raw/docs/dow-uap-d12-mission-report-iraq-may-2022.pdf
https://www.war.gov/medialink/ufo/release_1/thumbnail/dow-uap-d12-mission-report-iraq-may-2022.jpg	raw/images/dow-uap-d12-mission-report-iraq-may-2022.jpg
https://www.war.gov/medialink/ufo/release_1/dow-uap-d14-mission-report-iraq-may-2022.pdf	raw/docs/dow-uap-d14-mission-report-iraq-may-2022.pdf
https://www.war.gov/medialink/ufo/release_1/thumbnail/dow-uap-d14-mission-report-iraq-may-2022.jpg	raw/images/dow-uap-d14-mission-report-iraq-may-2022.jpg
https://www.war.gov/medialink/ufo/release_1/dow-uap-d16-mission-report-syria-july-2022.pdf	raw/docs/dow-uap-d16-mission-report-syria-july-2022.pdf
https://www.war.gov/medialink/ufo/release_1/thumbnail/dow-uap-d16-mission-report-syria-july-2022.jpg	raw/images/dow-uap-d16-mission-report-syria-july-2022.jpg
https://www.war.gov/medialink/ufo/052226/release_02/documents/DOW-UAP-D017_General_Correspondence_Of_Sandia.pdf	raw/docs/DOW-UAP-D017_General_Correspondence_Of_Sandia.pdf
https://www.war.gov/medialink/ufo/052226/release_02/thumbnails/DOW-UAP-D017_General_Correspondence_Of_Sandia.jpg	raw/images/DOW-UAP-D017_General_Correspondence_Of_Sandia.jpg
https://www.war.gov/medialink/ufo/release_1/dow-uap-d18-mission-report-iraq-december-2022.pdf	raw/docs/dow-uap-d18-mission-report-iraq-december-2022.pdf
https://www.war.gov/medialink/ufo/release_1/thumbnail/dow-uap-d18-mission-report-iraq-december-2022.jpg	raw/images/dow-uap-d18-mission-report-iraq-december-2022.jpg
https://www.war.gov/medialink/ufo/release_1/dow-uap-d19-mission-report-syria-february-21-2023.pdf	raw/docs/dow-uap-d19-mission-report-syria-february-21-2023.pdf
https://www.war.gov/medialink/ufo/release_1/thumbnail/dow-uap-d19-mission-report-syria-february-21-2023.jpg	raw/images/dow-uap-d19-mission-report-syria-february-21-2023.jpg
https://www.war.gov/medialink/ufo/release_1/dow-uap-d20-mission-report-iraq-2023.pdf	raw/docs/dow-uap-d20-mission-report-iraq-2023.pdf
https://www.war.gov/medialink/ufo/release_1/thumbnail/dow-uap-d20-mission-report-iraq-2023.jpg	raw/images/dow-uap-d20-mission-report-iraq-2023.jpg
https://www.war.gov/medialink/ufo/release_1/dow-uap-d23-mission-report-united-arab-emirates-october-2023.pdf	raw/docs/dow-uap-d23-mission-report-united-arab-emirates-october-2023.pdf
https://www.war.gov/medialink/ufo/release_1/thumbnail/dow-uap-d23-mission-report-united-arab-emirates-october-2023.jpg	raw/images/dow-uap-d23-mission-report-united-arab-emirates-october-2023.jpg
https://www.war.gov/medialink/ufo/release_1/dow-uap-d25-mission-report-greece-january-2024.pdf	raw/docs/dow-uap-d25-mission-report-greece-january-2024.pdf
https://www.war.gov/medialink/ufo/release_1/thumbnail/dow-uap-d25-mission-report-greece-january-2024.jpg	raw/images/dow-uap-d25-mission-report-greece-january-2024.jpg
https://www.war.gov/medialink/ufo/release_1/dow-uap-d27-mission-report-united-arab-emirates-october-2023.pdf	raw/docs/dow-uap-d27-mission-report-united-arab-emirates-october-2023.pdf
https://www.war.gov/medialink/ufo/release_1/thumbnail/dow-uap-d27-mission-report-united-arab-emirates-october-2023.jpg	raw/images/dow-uap-d27-mission-report-united-arab-emirates-october-2023.jpg
https://www.war.gov/medialink/ufo/release_1/dow-uap-d28-mission-report-east-china-sea-2024.pdf	raw/docs/dow-uap-d28-mission-report-east-china-sea-2024.pdf
https://www.war.gov/medialink/ufo/release_1/thumbnail/dow-uap-d28-mission-report-east-china-sea-2024.jpg	raw/images/dow-uap-d28-mission-report-east-china-sea-2024.jpg
https://www.war.gov/medialink/ufo/release_1/dow-uap-d32-mission-report,-syria-october-2024.pdf	raw/docs/dow-uap-d32-mission-report_-syria-october-2024.pdf
https://www.war.gov/medialink/ufo/release_1/thumbnail/dow-uap-d32-mission-report,-syria-october-2024.jpg	raw/images/dow-uap-d32-mission-report_-syria-october-2024.jpg
https://www.war.gov/medialink/ufo/release_1/dow-uap-d33-mission-report-greece-october-2023.pdf	raw/docs/dow-uap-d33-mission-report-greece-october-2023.pdf
https://www.war.gov/medialink/ufo/release_1/thumbnail/dow-uap-d33-mission-report-greece-october-2023.jpg	raw/images/dow-uap-d33-mission-report-greece-october-2023.jpg
https://www.war.gov/medialink/ufo/release_1/dow-uap-d35-mission-report-greece-october-2023.pdf	raw/docs/dow-uap-d35-mission-report-greece-october-2023.pdf
https://www.war.gov/medialink/ufo/release_1/thumbnail/dow-uap-d35-mission-report-greece-october-2023.jpg	raw/images/dow-uap-d35-mission-report-greece-october-2023.jpg
https://www.war.gov/medialink/ufo/release_1/dow-uap-d38-range-fouler-debrief-middle-east-may-2020.pdf	raw/docs/dow-uap-d38-range-fouler-debrief-middle-east-may-2020.pdf
https://www.war.gov/medialink/ufo/release_1/thumbnail/dow-uap-d38-range-fouler-debrief-middle-east-may-2020.jpg	raw/images/dow-uap-d38-range-fouler-debrief-middle-east-may-2020.jpg
https://www.war.gov/medialink/ufo/release_1/dow-uap-d42-range-fouler-debrief-japan-2023.pdf	raw/docs/dow-uap-d42-range-fouler-debrief-japan-2023.pdf
https://www.war.gov/medialink/ufo/release_1/thumbnail/dow-uap-d42-range-fouler-debrief-japan-2023.jpg	raw/images/dow-uap-d42-range-fouler-debrief-japan-2023.jpg
https://www.war.gov/medialink/ufo/release_1/dow-uap-d44-range-fouler-arabian-sea-october-2020.pdf	raw/docs/dow-uap-d44-range-fouler-arabian-sea-october-2020.pdf
https://www.war.gov/medialink/ufo/release_1/thumbnail/dow-uap-d44-range-fouler-arabian-sea-october-2020.jpg	raw/images/dow-uap-d44-range-fouler-arabian-sea-october-2020.jpg
https://www.war.gov/medialink/ufo/release_1/dow-uap-d48-report-september-1996.pdf	raw/docs/dow-uap-d48-report-september-1996.pdf
https://www.war.gov/medialink/ufo/release_1/thumbnail/dow-uap-d48-report-september-1996.jpg	raw/images/dow-uap-d48-report-september-1996.jpg
https://www.war.gov/medialink/ufo/release_1/dow-uap-d49-launch-summary-february-2000.pdf	raw/docs/dow-uap-d49-launch-summary-february-2000.pdf
https://www.war.gov/medialink/ufo/release_1/thumbnail/dow-uap-d49-launch-summary-february-2000.jpg	raw/images/dow-uap-d49-launch-summary-february-2000.jpg
https://www.war.gov/medialink/ufo/release_1/dow-uap-d50-email-correspondence-indopacom-april-2025.pdf	raw/docs/dow-uap-d50-email-correspondence-indopacom-april-2025.pdf
https://www.war.gov/medialink/ufo/release_1/thumbnail/dow-uap-d50-email-correspondence-indopacom-april-2025.jpg	raw/images/dow-uap-d50-email-correspondence-indopacom-april-2025.jpg
https://www.war.gov/medialink/ufo/release_1/dow-uap-d51-email-correspondence-pacific-time-zone-march-2023.pdf	raw/docs/dow-uap-d51-email-correspondence-pacific-time-zone-march-2023.pdf
https://www.war.gov/medialink/ufo/release_1/thumbnail/dow-uap-d51-email-correspondence-pacific-time-zone-march-2023.jpg	raw/images/dow-uap-d51-email-correspondence-pacific-time-zone-march-2023.jpg
https://www.war.gov/medialink/ufo/release_1/dow-uap-d52-email-correspondance-na-august-2024.pdf	raw/docs/dow-uap-d52-email-correspondance-na-august-2024.pdf
https://www.war.gov/medialink/ufo/release_1/thumbnail/dow-uap-d52-email-correspondance-na-august-2024.jpg	raw/images/dow-uap-d52-email-correspondance-na-august-2024.jpg
https://www.war.gov/medialink/ufo/release_1/dow-uap-d54-mission-report-mediterranean-sea-na.pdf	raw/docs/dow-uap-d54-mission-report-mediterranean-sea-na.pdf
https://www.war.gov/medialink/ufo/release_1/thumbnail/dow-uap-d54-mission-report-mediterranean-sea-na.jpg	raw/images/dow-uap-d54-mission-report-mediterranean-sea-na.jpg
https://www.war.gov/medialink/ufo/release_1/dow-uap-d55-mission-report-syria-november-2016.pdf	raw/docs/dow-uap-d55-mission-report-syria-november-2016.pdf
https://www.war.gov/medialink/ufo/release_1/thumbnail/dow-uap-d55-mission-report-syria-november-2016.jpg	raw/images/dow-uap-d55-mission-report-syria-november-2016.jpg
https://www.war.gov/medialink/ufo/release_1/dow-uap-d56-range-fouler-debrief-arabian-sea-august-2020.pdf	raw/docs/dow-uap-d56-range-fouler-debrief-arabian-sea-august-2020.pdf
https://www.war.gov/medialink/ufo/release_1/thumbnail/dow-uap-d56-range-fouler-debrief-arabian-sea-august-2020.jpg	raw/images/dow-uap-d56-range-fouler-debrief-arabian-sea-august-2020.jpg
https://www.war.gov/medialink/ufo/release_1/dow-uap-d57-mission-report-gulf-of-aden-september-2020.pdf	raw/docs/dow-uap-d57-mission-report-gulf-of-aden-september-2020.pdf
https://www.war.gov/medialink/ufo/release_1/thumbnail/dow-uap-d57-mission-report-gulf-of-aden-september-2020.jpg	raw/images/dow-uap-d57-mission-report-gulf-of-aden-september-2020.jpg
https://www.war.gov/medialink/ufo/release_1/dow-uap-d58-range-fouler-debrief-na-october-2020.pdf	raw/docs/dow-uap-d58-range-fouler-debrief-na-october-2020.pdf
https://www.war.gov/medialink/ufo/release_1/thumbnail/dow-uap-d58-range-fouler-debrief-na-october-2020.jpg	raw/images/dow-uap-d58-range-fouler-debrief-na-october-2020.jpg
https://www.war.gov/medialink/ufo/release_1/dow-uap-d60-mission-report-persian-gulf-august-2020.pdf	raw/docs/dow-uap-d60-mission-report-persian-gulf-august-2020.pdf
https://www.war.gov/medialink/ufo/release_1/thumbnail/dow-uap-d60-mission-report-persian-gulf-august-2020.jpg	raw/images/dow-uap-d60-mission-report-persian-gulf-august-2020.jpg
https://www.war.gov/medialink/ufo/release_1/dow-uap-d61-mission-report-persian-gulf-august-2020.pdf	raw/docs/dow-uap-d61-mission-report-persian-gulf-august-2020.pdf
https://www.war.gov/medialink/ufo/release_1/thumbnail/dow-uap-d61-mission-report-persian-gulf-august-2020.jpg	raw/images/dow-uap-d61-mission-report-persian-gulf-august-2020.jpg
https://www.war.gov/medialink/ufo/release_1/dow-uap-d62-mission-report-strait-of-hormuz-september-2020.pdf	raw/docs/dow-uap-d62-mission-report-strait-of-hormuz-september-2020.pdf
https://www.war.gov/medialink/ufo/release_1/thumbnail/dow-uap-d62-mission-report-strait-of-hormuz-september-2020.jpg	raw/images/dow-uap-d62-mission-report-strait-of-hormuz-september-2020.jpg
https://www.war.gov/medialink/ufo/release_1/dow-uap-d63-mission-report-strait-of-hormuz-october-2020.pdf	raw/docs/dow-uap-d63-mission-report-strait-of-hormuz-october-2020.pdf
https://www.war.gov/medialink/ufo/release_1/thumbnail/dow-uap-d63-mission-report-strait-of-hormuz-october-2020.jpg	raw/images/dow-uap-d63-mission-report-strait-of-hormuz-october-2020.jpg
https://www.war.gov/medialink/ufo/release_1/dow-uap-d64-mission-report-iran-november-2020.pdf	raw/docs/dow-uap-d64-mission-report-iran-november-2020.pdf
https://www.war.gov/medialink/ufo/release_1/thumbnail/dow-uap-d64-mission-report-iran-november-2020.jpg	raw/images/dow-uap-d64-mission-report-iran-november-2020.jpg
https://www.war.gov/medialink/ufo/release_1/dow-uap-d65-mission-report-persian-gulf-july-2020.pdf	raw/docs/dow-uap-d65-mission-report-persian-gulf-july-2020.pdf
https://www.war.gov/medialink/ufo/release_1/thumbnail/dow-uap-d65-mission-report-persian-gulf-july-2020.jpg	raw/images/dow-uap-d65-mission-report-persian-gulf-july-2020.jpg
https://www.war.gov/medialink/ufo/release_1/dow-uap-d74-mission-report-syria-november-2023.pdf	raw/docs/dow-uap-d74-mission-report-syria-november-2023.pdf
https://www.war.gov/medialink/ufo/release_1/thumbnail/dow-uap-d74-mission-report-syria-november-2023.jpg	raw/images/dow-uap-d74-mission-report-syria-november-2023.jpg
https://www.war.gov/medialink/ufo/release_1/dow-uap-d75-mission-report-gulf-of-aden-july-2024.pdf	raw/docs/dow-uap-d75-mission-report-gulf-of-aden-july-2024.pdf
https://www.war.gov/medialink/ufo/release_1/thumbnail/dow-uap-d75-mission-report-gulf-of-aden-july-2024.jpg	raw/images/dow-uap-d75-mission-report-gulf-of-aden-july-2024.jpg
https://www.war.gov/medialink/ufo/061226/release_03/documents/DOW-UAP-D077_Unresolved-Case-Analysis-Update_Western-United-States-Event.pdf	raw/docs/DOW-UAP-D077_Unresolved-Case-Analysis-Update_Western-United-States-Event.pdf
https://www.war.gov/medialink/ufo/061226/release_03/thumbnails/DOW-UAP-D077_Unresolved-Case-Analysis-Update_Western-United-States-Event.jpg	raw/images/DOW-UAP-D077_Unresolved-Case-Analysis-Update_Western-United-States-Event.jpg
https://www.war.gov/medialink/ufo/061226/release_03/documents/DOW-UAP-D078_Notional-Map_Western-United-States-Event.pdf	raw/docs/DOW-UAP-D078_Notional-Map_Western-United-States-Event.pdf
https://www.war.gov/medialink/ufo/061226/release_03/thumbnails/DOW-UAP-D078_Notional-Map_Western-United-States-Event.jpg	raw/images/DOW-UAP-D078_Notional-Map_Western-United-States-Event.jpg
https://www.war.gov/medialink/ufo/061226/release_03/documents/DoW-UAP-D079_Narrative-1_Western-US-Event.pdf	raw/docs/DoW-UAP-D079_Narrative-1_Western-US-Event.pdf
https://www.war.gov/medialink/ufo/061226/release_03/thumbnails/DoW-UAP-D079_Narrative-1_Western-US-Event.jpg	raw/images/DoW-UAP-D079_Narrative-1_Western-US-Event.jpg
https://www.war.gov/medialink/ufo/061226/release_03/documents/DoW-UAP-D080_Narrative-2_Western-US-Event.pdf	raw/docs/DoW-UAP-D080_Narrative-2_Western-US-Event.pdf
https://www.war.gov/medialink/ufo/061226/release_03/thumbnails/DoW-UAP-D080_Narrative-2_Western-US-Event.jpg	raw/images/DoW-UAP-D080_Narrative-2_Western-US-Event.jpg
https://www.war.gov/medialink/ufo/061226/release_03/documents/DoW-UAP-D081_Narrative-3_Western-US-Event.pdf	raw/docs/DoW-UAP-D081_Narrative-3_Western-US-Event.pdf
https://www.war.gov/medialink/ufo/061226/release_03/thumbnails/DoW-UAP-D081_Narrative-3_Western-US-Event.jpg	raw/images/DoW-UAP-D081_Narrative-3_Western-US-Event.jpg
https://www.war.gov/medialink/ufo/061226/release_03/documents/DoW-UAP-D082_Narrative-4_Western-US-Event.pdf	raw/docs/DoW-UAP-D082_Narrative-4_Western-US-Event.pdf
https://www.war.gov/medialink/ufo/061226/release_03/thumbnails/DoW-UAP-D082_Narrative-4_Western-US-Event.jpg	raw/images/DoW-UAP-D082_Narrative-4_Western-US-Event.jpg
https://www.war.gov/medialink/ufo/061226/release_03/documents/DoW-UAP-D083_Narrative-5_Western-US-Event.pdf	raw/docs/DoW-UAP-D083_Narrative-5_Western-US-Event.pdf
https://www.war.gov/medialink/ufo/061226/release_03/thumbnails/DoW-UAP-D083_Narrative-5_Western-US-Event.jpg	raw/images/DoW-UAP-D083_Narrative-5_Western-US-Event.jpg
https://www.war.gov/medialink/ufo/061226/release_03/documents/DOW-UAP-D084_USArmy-Flying-Saucer-Study_1949.pdf	raw/docs/DOW-UAP-D084_USArmy-Flying-Saucer-Study_1949.pdf
https://www.war.gov/medialink/ufo/061226/release_03/thumbnails/DOW-UAP-D084_USArmy-Flying-Saucer-Study_1949.jpg	raw/images/DOW-UAP-D084_USArmy-Flying-Saucer-Study_1949.jpg
https://www.war.gov/medialink/ufo/061226/release_03/documents/DOW-UAP-D085_Transmission-of-CIA-Scientific-Advisory-Panel-Rept_1953.pdf	raw/docs/DOW-UAP-D085_Transmission-of-CIA-Scientific-Advisory-Panel-Rept_1953.pdf
https://www.war.gov/medialink/ufo/061226/release_03/thumbnails/DOW-UAP-D085_Transmission-of-CIA-Scientific-Advisory-Panel-Rept_1953.jpg	raw/images/DOW-UAP-D085_Transmission-of-CIA-Scientific-Advisory-Panel-Rept_1953.jpg
https://www.war.gov/medialink/ufo/061226/release_03/documents/DOW-UAP-D086_USNavy-Report-of-Flying-Discs_1948.pdf	raw/docs/DOW-UAP-D086_USNavy-Report-of-Flying-Discs_1948.pdf
https://www.war.gov/medialink/ufo/061226/release_03/thumbnails/DOW-UAP-D086_USNavy-Report-of-Flying-Discs_1948.jpg	raw/images/DOW-UAP-D086_USNavy-Report-of-Flying-Discs_1948.jpg
https://www.war.gov/medialink/ufo/061226/release_03/documents/DOW-UAP-D087_US-AirForce_Analysis-of-Flying-Objects-in-the-US_1-100.pdf	raw/docs/DOW-UAP-D087_US-AirForce_Analysis-of-Flying-Objects-in-the-US_1-100.pdf
https://www.war.gov/medialink/ufo/061226/release_03/thumbnails/DOW-UAP-D087_US-AirForce_Analysis-of-Flying-Objects-in-the-US_1-100.jpg	raw/images/DOW-UAP-D087_US-AirForce_Analysis-of-Flying-Objects-in-the-US_1-100.jpg
https://www.war.gov/medialink/ufo/061226/release_03/documents/DOW-UAP-D088_US-AirForce_Analysis-of-Flying-Objects-in-the-US_101-172.pdf	raw/docs/DOW-UAP-D088_US-AirForce_Analysis-of-Flying-Objects-in-the-US_101-172.pdf
https://www.war.gov/medialink/ufo/061226/release_03/thumbnails/DOW-UAP-D088_US-AirForce_Analysis-of-Flying-Objects-in-the-US_101-172.jpg	raw/images/DOW-UAP-D088_US-AirForce_Analysis-of-Flying-Objects-in-the-US_101-172.jpg
https://www.war.gov/medialink/ufo/071026/release_04/documents/DOW-UAP-D089_Range-Fouler-Debrief_Eastern-US_2020.pdf	raw/docs/DOW-UAP-D089_Range-Fouler-Debrief_Eastern-US_2020.pdf
https://www.war.gov/medialink/ufo/071026/release_04/thumbnails/DOW-UAP-D089_Range-Fouler-Debrief_Eastern-US_2020.jpg	raw/images/DOW-UAP-D089_Range-Fouler-Debrief_Eastern-US_2020.jpg
https://www.war.gov/medialink/ufo/071026/release_04/documents/DOW-UAP-D090_Range-Fouler-Debrief_Eastern-US_2019.pdf	raw/docs/DOW-UAP-D090_Range-Fouler-Debrief_Eastern-US_2019.pdf
https://www.war.gov/medialink/ufo/071026/release_04/thumbnails/DOW-UAP-D090_Range-Fouler-Debrief_Eastern-US_2019.jpg	raw/images/DOW-UAP-D090_Range-Fouler-Debrief_Eastern-US_2019.jpg
https://www.war.gov/medialink/ufo/071026/release_04/documents/DOW-UAP-D091_Range-Fouler-Debrief_Atlantic-Ocean_2020.pdf	raw/docs/DOW-UAP-D091_Range-Fouler-Debrief_Atlantic-Ocean_2020.pdf
https://www.war.gov/medialink/ufo/071026/release_04/thumbnails/DOW-UAP-D091_Range-Fouler-Debrief_Atlantic-Ocean_2020.jpg	raw/images/DOW-UAP-D091_Range-Fouler-Debrief_Atlantic-Ocean_2020.jpg
https://www.war.gov/medialink/ufo/071026/release_04/documents/DOW-UAP-D092_DAF-Committee-to-Review-Project-Bluebook_1966-1967.pdf	raw/docs/DOW-UAP-D092_DAF-Committee-to-Review-Project-Bluebook_1966-1967.pdf
https://www.war.gov/medialink/ufo/071026/release_04/thumbnails/DOW-UAP-D092_DAF-Committee-to-Review-Project-Bluebook_1966-1967.jpg	raw/images/DOW-UAP-D092_DAF-Committee-to-Review-Project-Bluebook_1966-1967.jpg
https://www.war.gov/medialink/ufo/071026/release_04/documents/DOW-UAP-D093_Analysis-of-Flying-Object-Incidents-in-the-US_1948.pdf	raw/docs/DOW-UAP-D093_Analysis-of-Flying-Object-Incidents-in-the-US_1948.pdf
https://www.war.gov/medialink/ufo/071026/release_04/thumbnails/DOW-UAP-D093_Analysis-of-Flying-Object-Incidents-in-the-US_1948.jpg	raw/images/DOW-UAP-D093_Analysis-of-Flying-Object-Incidents-in-the-US_1948.jpg
https://www.war.gov/medialink/ufo/071026/release_04/documents/DOW-UAP-D095_Joint-US-Canadian-Aviation-Projects-and-UFO-Sighting-Reports_1954-1955.pdf	raw/docs/DOW-UAP-D095_Joint-US-Canadian-Aviation-Projects-and-UFO-Sighting-Reports_1954-1955.pdf
https://www.war.gov/medialink/ufo/071026/release_04/thumbnails/DOW-UAP-D095_Joint-US-Canadian-Aviation-Projects-and-UFO-Sighting-Reports_1954-1955.jpg	raw/images/DOW-UAP-D095_Joint-US-Canadian-Aviation-Projects-and-UFO-Sighting-Reports_1954-1955.jpg
https://www.war.gov/medialink/ufo/071026/release_04/documents/DOW-UAP-D096_Correspondence-Relating-to-Project-Blue-Book_1955.pdf	raw/docs/DOW-UAP-D096_Correspondence-Relating-to-Project-Blue-Book_1955.pdf
https://www.war.gov/medialink/ufo/071026/release_04/thumbnails/DOW-UAP-D096_Correspondence-Relating-to-Project-Blue-Book_1955.jpg	raw/images/DOW-UAP-D096_Correspondence-Relating-to-Project-Blue-Book_1955.jpg
https://www.war.gov/medialink/ufo/release_1/dow-uap-pr20.pdf	raw/docs/dow-uap-pr20.pdf
https://www.war.gov/medialink/ufo/release_1/thumbnail/dow-uap-pr20.jpg	raw/images/dow-uap-pr20.jpg
https://www.war.gov/medialink/ufo/release_1/fbi-photo-a1.png	raw/images/fbi-photo-a1.png
https://www.war.gov/medialink/ufo/release_1/thumbnail/fbi-photo-a1.jpg	raw/images/fbi-photo-a1.jpg
https://www.war.gov/medialink/ufo/release_1/fbi-photo-a2.png	raw/images/fbi-photo-a2.png
https://www.war.gov/medialink/ufo/release_1/thumbnail/fbi-photo-a2.jpg	raw/images/fbi-photo-a2.jpg
https://www.war.gov/medialink/ufo/release_1/fbi-photo-a3.png	raw/images/fbi-photo-a3.png
https://www.war.gov/medialink/ufo/release_1/thumbnail/fbi-photo-a3.jpg	raw/images/fbi-photo-a3.jpg
https://www.war.gov/medialink/ufo/release_1/fbi-photo-a4.png	raw/images/fbi-photo-a4.png
https://www.war.gov/medialink/ufo/release_1/thumbnail/fbi-photo-a4.jpg	raw/images/fbi-photo-a4.jpg
https://www.war.gov/medialink/ufo/release_1/fbi-photo-a5.png	raw/images/fbi-photo-a5.png
https://www.war.gov/medialink/ufo/release_1/thumbnail/fbi-photo-a5.jpg	raw/images/fbi-photo-a5.jpg
https://www.war.gov/medialink/ufo/release_1/fbi-photo-a6.png	raw/images/fbi-photo-a6.png
https://www.war.gov/medialink/ufo/release_1/thumbnail/fbi-photo-a6.jpg	raw/images/fbi-photo-a6.jpg
https://www.war.gov/medialink/ufo/release_1/fbi-photo-a7.png	raw/images/fbi-photo-a7.png
https://www.war.gov/medialink/ufo/release_1/thumbnail/fbi-photo-a7.jpg	raw/images/fbi-photo-a7.jpg
https://www.war.gov/medialink/ufo/release_1/fbi-photo-a8.png	raw/images/fbi-photo-a8.png
https://www.war.gov/medialink/ufo/release_1/thumbnail/fbi-photo-a8.jpg	raw/images/fbi-photo-a8.jpg
https://www.war.gov/medialink/ufo/release_1/fbi-photo-b1.pdf	raw/docs/fbi-photo-b1.pdf
https://www.war.gov/medialink/ufo/release_1/thumbnail/fbi-photo-b1.jpg	raw/images/fbi-photo-b1.jpg
https://www.war.gov/medialink/ufo/release_1/fbi-photo-b2.pdf	raw/docs/fbi-photo-b2.pdf
https://www.war.gov/medialink/ufo/release_1/thumbnail/fbi-photo-b2.jpg	raw/images/fbi-photo-b2.jpg
https://www.war.gov/medialink/ufo/release_1/fbi-photo-b3.pdf	raw/docs/fbi-photo-b3.pdf
https://www.war.gov/medialink/ufo/release_1/thumbnail/fbi-photo-b3.jpg	raw/images/fbi-photo-b3.jpg
https://www.war.gov/medialink/ufo/release_1/fbi-photo-b4.pdf	raw/docs/fbi-photo-b4.pdf
https://www.war.gov/medialink/ufo/release_1/thumbnail/fbi-photo-b4.jpg	raw/images/fbi-photo-b4.jpg
https://www.war.gov/medialink/ufo/release_1/fbi-photo-b5.pdf	raw/docs/fbi-photo-b5.pdf
https://www.war.gov/medialink/ufo/release_1/thumbnail/fbi-photo-b5.jpg	raw/images/fbi-photo-b5.jpg
https://www.war.gov/medialink/ufo/release_1/fbi-photo-b6.pdf	raw/docs/fbi-photo-b6.pdf
https://www.war.gov/medialink/ufo/release_1/thumbnail/fbi-photo-b6.jpg	raw/images/fbi-photo-b6.jpg
https://www.war.gov/medialink/ufo/release_1/fbi-photo-b7.pdf	raw/docs/fbi-photo-b7.pdf
https://www.war.gov/medialink/ufo/release_1/thumbnail/fbi-photo-b7.jpg	raw/images/fbi-photo-b7.jpg
https://www.war.gov/medialink/ufo/release_1/fbi-photo-b8.pdf	raw/docs/fbi-photo-b8.pdf
https://www.war.gov/medialink/ufo/release_1/thumbnail/fbi-photo-b8.jpg	raw/images/fbi-photo-b8.jpg
https://www.war.gov/medialink/ufo/release_1/fbi-photo-b9.pdf	raw/docs/fbi-photo-b9.pdf
https://www.war.gov/medialink/ufo/release_1/thumbnail/fbi-photo-b9.jpg	raw/images/fbi-photo-b9.jpg
https://www.war.gov/medialink/ufo/release_1/fbi-photo-b10.pdf	raw/docs/fbi-photo-b10.pdf
https://www.war.gov/medialink/ufo/release_1/thumbnail/fbi-photo-b10.jpg	raw/images/fbi-photo-b10.jpg
https://www.war.gov/medialink/ufo/release_1/fbi-photo-b11.pdf	raw/docs/fbi-photo-b11.pdf
https://www.war.gov/medialink/ufo/release_1/thumbnail/fbi-photo-b11.jpg	raw/images/fbi-photo-b11.jpg
https://www.war.gov/medialink/ufo/release_1/fbi-photo-b12.pdf	raw/docs/fbi-photo-b12.pdf
https://www.war.gov/medialink/ufo/release_1/thumbnail/fbi-photo-b12.jpg	raw/images/fbi-photo-b12.jpg
https://www.war.gov/medialink/ufo/release_1/fbi-photo-b13.pdf	raw/docs/fbi-photo-b13.pdf
https://www.war.gov/medialink/ufo/release_1/thumbnail/fbi-photo-b13.jpg	raw/images/fbi-photo-b13.jpg
https://www.war.gov/medialink/ufo/release_1/fbi-photo-b14.pdf	raw/docs/fbi-photo-b14.pdf
https://www.war.gov/medialink/ufo/release_1/thumbnail/fbi-photo-b14.jpg	raw/images/fbi-photo-b14.jpg
https://www.war.gov/medialink/ufo/release_1/fbi-photo-b15.pdf	raw/docs/fbi-photo-b15.pdf
https://www.war.gov/medialink/ufo/release_1/thumbnail/fbi-photo-b15.jpg	raw/images/fbi-photo-b15.jpg
https://www.war.gov/medialink/ufo/release_1/fbi-photo-b16.pdf	raw/docs/fbi-photo-b16.pdf
https://www.war.gov/medialink/ufo/release_1/thumbnail/fbi-photo-b16.jpg	raw/images/fbi-photo-b16.jpg
https://www.war.gov/medialink/ufo/release_1/fbi-photo-b17.pdf	raw/docs/fbi-photo-b17.pdf
https://www.war.gov/medialink/ufo/release_1/thumbnail/fbi-photo-b17.jpg	raw/images/fbi-photo-b17.jpg
https://www.war.gov/medialink/ufo/release_1/fbi-photo-b18.pdf	raw/docs/fbi-photo-b18.pdf
https://www.war.gov/medialink/ufo/release_1/thumbnail/fbi-photo-b18.jpg	raw/images/fbi-photo-b18.jpg
https://www.war.gov/medialink/ufo/release_1/fbi-photo-b19.pdf	raw/docs/fbi-photo-b19.pdf
https://www.war.gov/medialink/ufo/release_1/thumbnail/fbi-photo-b19.jpg	raw/images/fbi-photo-b19.jpg
https://www.war.gov/medialink/ufo/release_1/fbi-photo-b20.pdf	raw/docs/fbi-photo-b20.pdf
https://www.war.gov/medialink/ufo/release_1/thumbnail/fbi-photo-b20.jpg	raw/images/fbi-photo-b20.jpg
https://www.war.gov/medialink/ufo/release_1/fbi-photo-b21.pdf	raw/docs/fbi-photo-b21.pdf
https://www.war.gov/medialink/ufo/release_1/thumbnail/fbi-photo-b21.jpg	raw/images/fbi-photo-b21.jpg
https://www.war.gov/medialink/ufo/release_1/fbi-photo-b22.pdf	raw/docs/fbi-photo-b22.pdf
https://www.war.gov/medialink/ufo/release_1/thumbnail/fbi-photo-b22.jpg	raw/images/fbi-photo-b22.jpg
https://www.war.gov/medialink/ufo/release_1/fbi-photo-b23.pdf	raw/docs/fbi-photo-b23.pdf
https://www.war.gov/medialink/ufo/release_1/thumbnail/fbi-photo-b23.jpg	raw/images/fbi-photo-b23.jpg
https://www.war.gov/medialink/ufo/release_1/fbi-photo-b24.pdf	raw/docs/fbi-photo-b24.pdf
https://www.war.gov/medialink/ufo/release_1/thumbnail/fbi-photo-b24.jpg	raw/images/fbi-photo-b24.jpg
https://www.war.gov/medialink/ufo/release_1/2024-04-30-composite-sketch.pdf	raw/docs/2024-04-30-composite-sketch.pdf
https://www.war.gov/medialink/ufo/release_1/thumbnail/2024-04-30-composite-sketch.jpg	raw/images/2024-04-30-composite-sketch.jpg
https://www.war.gov/medialink/ufo/release_1/serial 5 redacted_redacted.pdf	raw/docs/serial_5_redacted_redacted.pdf
https://www.war.gov/medialink/ufo/release_1/thumbnail/serial 5 redacted_redacted.jpg	raw/images/serial_5_redacted_redacted.jpg
https://www.war.gov/medialink/ufo/release_1/serial-3_redacted.pdf	raw/docs/serial-3_redacted.pdf
https://www.war.gov/medialink/ufo/release_1/thumbnail/serial-3_redacted.jpg	raw/images/serial-3_redacted.jpg
https://www.war.gov/medialink/ufo/release_1/serial-4-redacted_redacted.pdf	raw/docs/serial-4-redacted_redacted.pdf
https://www.war.gov/medialink/ufo/release_1/thumbnail/serial-4-redacted_redacted.jpg	raw/images/serial-4-redacted_redacted.jpg
https://www.war.gov/medialink/ufo/061226/release_03/documents/FBI-UAP-D001_FD-302_Unresolved-UAP-Report_ColoradoSprings_2022.pdf	raw/docs/FBI-UAP-D001_FD-302_Unresolved-UAP-Report_ColoradoSprings_2022.pdf
https://www.war.gov/medialink/ufo/061226/release_03/thumbnails/FBI-UAP-D001_FD-302_Unresolved-UAP-Report_ColoradoSprings_2022.jpg	raw/images/FBI-UAP-D001_FD-302_Unresolved-UAP-Report_ColoradoSprings_2022.jpg
https://www.war.gov/medialink/ufo/061226/release_03/documents/FBI-UAP-D002_FD-1057_Unresolved-UAP-Report_ColoradoSprings_2022.pdf	raw/docs/FBI-UAP-D002_FD-1057_Unresolved-UAP-Report_ColoradoSprings_2022.pdf
https://www.war.gov/medialink/ufo/061226/release_03/thumbnails/FBI-UAP-D002_FD-1057_Unresolved-UAP-Report_ColoradoSprings_2022.jpg	raw/images/FBI-UAP-D002_FD-1057_Unresolved-UAP-Report_ColoradoSprings_2022.jpg
https://www.war.gov/medialink/ufo/061226/release_03/documents/FBI-UAP-D003_Digital-Rendering_Unresolved-UAP-Report_ColoradoSprings_2022.pdf	raw/docs/FBI-UAP-D003_Digital-Rendering_Unresolved-UAP-Report_ColoradoSprings_2022.pdf
https://www.war.gov/medialink/ufo/061226/release_03/thumbnails/FBI-UAP-D003_Digital-Rendering_Unresolved-UAP-Report_ColoradoSprings_2022.jpg	raw/images/FBI-UAP-D003_Digital-Rendering_Unresolved-UAP-Report_ColoradoSprings_2022.jpg
https://www.war.gov/medialink/ufo/061226/release_03/documents/FBI-UAP-D004_FD-1057-02_Northeastern-US_2024.pdf	raw/docs/FBI-UAP-D004_FD-1057-02_Northeastern-US_2024.pdf
https://www.war.gov/medialink/ufo/061226/release_03/thumbnails/FBI-UAP-D004_FD-1057-02_Northeastern-US_2024.jpg	raw/images/FBI-UAP-D004_FD-1057-02_Northeastern-US_2024.jpg
https://www.war.gov/medialink/ufo/061226/release_03/documents/FBI-UAP-D005_FD-1057-04_Northeastern-US_2024.pdf	raw/docs/FBI-UAP-D005_FD-1057-04_Northeastern-US_2024.pdf
https://www.war.gov/medialink/ufo/061226/release_03/thumbnails/FBI-UAP-D005_FD-1057-04_Northeastern-US_2024.jpg	raw/images/FBI-UAP-D005_FD-1057-04_Northeastern-US_2024.jpg
https://www.war.gov/medialink/ufo/061226/release_03/documents/FBI-UAP-D006_FD-1057-05_Northeastern-US_2024.pdf	raw/docs/FBI-UAP-D006_FD-1057-05_Northeastern-US_2024.pdf
https://www.war.gov/medialink/ufo/061226/release_03/thumbnails/FBI-UAP-D006_FD-1057-05_Northeastern-US_2024.jpg	raw/images/FBI-UAP-D006_FD-1057-05_Northeastern-US_2024.jpg
https://www.war.gov/medialink/ufo/061226/release_03/documents/FBI-UAP-D007_FD-1057-06_Northeastern-US_2024.pdf	raw/docs/FBI-UAP-D007_FD-1057-06_Northeastern-US_2024.pdf
https://www.war.gov/medialink/ufo/061226/release_03/thumbnails/FBI-UAP-D007_FD-1057-06_Northeastern-US_2024.jpg	raw/images/FBI-UAP-D007_FD-1057-06_Northeastern-US_2024.jpg
https://www.war.gov/medialink/ufo/061226/release_03/documents/FBI-UAP-D008_FD-1057-07_Northeastern-US_2024.pdf	raw/docs/FBI-UAP-D008_FD-1057-07_Northeastern-US_2024.pdf
https://www.war.gov/medialink/ufo/061226/release_03/thumbnails/FBI-UAP-D008_FD-1057-07_Northeastern-US_2024.jpg	raw/images/FBI-UAP-D008_FD-1057-07_Northeastern-US_2024.jpg
https://www.war.gov/medialink/ufo/061226/release_03/documents/FBI-UAP-D009_FD-302-67_Northeastern-Orb-Sighting_2026.pdf	raw/docs/FBI-UAP-D009_FD-302-67_Northeastern-Orb-Sighting_2026.pdf
https://www.war.gov/medialink/ufo/061226/release_03/thumbnails/FBI-UAP-D009_FD-302-67_Northeastern-Orb-Sighting_2026.jpg	raw/images/FBI-UAP-D009_FD-302-67_Northeastern-Orb-Sighting_2026.jpg
https://www.war.gov/medialink/ufo/061226/release_03/documents/FBI-UAP-D010_FD-302-71_Northeastern-Orb-Sighting_2026.pdf	raw/docs/FBI-UAP-D010_FD-302-71_Northeastern-Orb-Sighting_2026.pdf
https://www.war.gov/medialink/ufo/061226/release_03/thumbnails/FBI-UAP-D010_FD-302-71_Northeastern-Orb-Sighting_2026.jpg	raw/images/FBI-UAP-D010_FD-302-71_Northeastern-Orb-Sighting_2026.jpg
https://www.war.gov/medialink/ufo/061226/release_03/documents/FBI-UAP-D011_DFBI-Correspondence-Referral_1949.pdf	raw/docs/FBI-UAP-D011_DFBI-Correspondence-Referral_1949.pdf
https://www.war.gov/medialink/ufo/061226/release_03/thumbnails/FBI-UAP-D011_DFBI-Correspondence-Referral_1949.jpg	raw/images/FBI-UAP-D011_DFBI-Correspondence-Referral_1949.jpg
https://www.war.gov/medialink/ufo/061226/release_03/documents/FBI-UAP-D012_Newark-Field-Office_1952-1967.pdf	raw/docs/FBI-UAP-D012_Newark-Field-Office_1952-1967.pdf
https://www.war.gov/medialink/ufo/061226/release_03/thumbnails/FBI-UAP-D012_Newark-Field-Office_1952-1967.jpg	raw/images/FBI-UAP-D012_Newark-Field-Office_1952-1967.jpg
https://www.war.gov/medialink/ufo/061226/release_03/documents/FBI-UAP-D013_WA-UFO-Investigation_1952-1960.pdf	raw/docs/FBI-UAP-D013_WA-UFO-Investigation_1952-1960.pdf
https://www.war.gov/medialink/ufo/061226/release_03/thumbnails/FBI-UAP-D013_WA-UFO-Investigation_1952-1960.jpg	raw/images/FBI-UAP-D013_WA-UFO-Investigation_1952-1960.jpg
https://www.war.gov/medialink/ufo/071026/release_04/documents/FBI-UAP-D014_Correspondence-Relating-to-UFO-Sightings_1967_1974.pdf	raw/docs/FBI-UAP-D014_Correspondence-Relating-to-UFO-Sightings_1967_1974.pdf
https://www.war.gov/medialink/ufo/071026/release_04/thumbnails/FBI-UAP-D014_Correspondence-Relating-to-UFO-Sightings_1967_1974.jpg	raw/images/FBI-UAP-D014_Correspondence-Relating-to-UFO-Sightings_1967_1974.jpg
https://www.war.gov/medialink/ufo/061226/release_03/documents/FBI-UAP-D014_Digital-Rendering_Incident-1-1_Western-US-Event_2023.jpg	raw/images/FBI-UAP-D014_Digital-Rendering_Incident-1-1_Western-US-Event_2023.jpg
https://www.war.gov/medialink/ufo/061226/release_03/thumbnails/FBI-UAP-D014_Digital-Rendering_Incident-1-1_Western-US-Event_2023.jpg	raw/images/FBI-UAP-D014_Digital-Rendering_Incident-1-1_Western-US-Event_2023.jpg
https://www.war.gov/medialink/ufo/061226/release_03/documents/FBI-UAP-D015_Digital-Rendering_Incident-1-2_Western-US-Event_2023.jpg	raw/images/FBI-UAP-D015_Digital-Rendering_Incident-1-2_Western-US-Event_2023.jpg
https://www.war.gov/medialink/ufo/061226/release_03/thumbnails/FBI-UAP-D015_Digital-Rendering_Incident-1-2_Western-US-Event_2023.jpg	raw/images/FBI-UAP-D015_Digital-Rendering_Incident-1-2_Western-US-Event_2023.jpg
https://www.war.gov/medialink/ufo/061226/release_03/documents/FBI-UAP-D016_Digital-Rendering_Incident-2-1_Western-US-Event_2023.jpg	raw/images/FBI-UAP-D016_Digital-Rendering_Incident-2-1_Western-US-Event_2023.jpg
https://www.war.gov/medialink/ufo/061226/release_03/thumbnails/FBI-UAP-D016_Digital-Rendering_Incident-2-1_Western-US-Event_2023.jpg	raw/images/FBI-UAP-D016_Digital-Rendering_Incident-2-1_Western-US-Event_2023.jpg
https://www.war.gov/medialink/ufo/061226/release_03/documents/FBI-UAP-D017_Digital-Rendering_Incident-2-2_Western-US-Event_2023.jpg	raw/images/FBI-UAP-D017_Digital-Rendering_Incident-2-2_Western-US-Event_2023.jpg
https://www.war.gov/medialink/ufo/061226/release_03/thumbnails/FBI-UAP-D017_Digital-Rendering_Incident-2-2_Western-US-Event_2023.jpg	raw/images/FBI-UAP-D017_Digital-Rendering_Incident-2-2_Western-US-Event_2023.jpg
https://www.war.gov/medialink/ufo/061226/release_03/documents/FBI-UAP-D018_Digital-Rendering_Incident-2-3_Western-US-Event_2023.jpg	raw/images/FBI-UAP-D018_Digital-Rendering_Incident-2-3_Western-US-Event_2023.jpg
https://www.war.gov/medialink/ufo/061226/release_03/thumbnails/FBI-UAP-D018_Digital-Rendering_Incident-2-3_Western-US-Event_2023.jpg	raw/images/FBI-UAP-D018_Digital-Rendering_Incident-2-3_Western-US-Event_2023.jpg
https://www.war.gov/medialink/ufo/061226/release_03/documents/FBI-UAP-D019_Digital-Rendering_Incident-2-4_Western-US-Event_2023.jpg	raw/images/FBI-UAP-D019_Digital-Rendering_Incident-2-4_Western-US-Event_2023.jpg
https://www.war.gov/medialink/ufo/061226/release_03/thumbnails/FBI-UAP-D019_Digital-Rendering_Incident-2-4_Western-US-Event_2023.jpg	raw/images/FBI-UAP-D019_Digital-Rendering_Incident-2-4_Western-US-Event_2023.jpg
https://www.war.gov/medialink/ufo/061226/release_03/documents/FBI-UAP-D020_Digital-Rendering_Incident-2-5_Western-US-Event_2023.jpg	raw/images/FBI-UAP-D020_Digital-Rendering_Incident-2-5_Western-US-Event_2023.jpg
https://www.war.gov/medialink/ufo/061226/release_03/thumbnails/FBI-UAP-D020_Digital-Rendering_Incident-2-5_Western-US-Event_2023.jpg	raw/images/FBI-UAP-D020_Digital-Rendering_Incident-2-5_Western-US-Event_2023.jpg
https://www.war.gov/medialink/ufo/061226/release_03/documents/FBI-UAP-D021_Digital-Rendering_Incident-1-3_Western-US-Event_2023.jpg	raw/images/FBI-UAP-D021_Digital-Rendering_Incident-1-3_Western-US-Event_2023.jpg
https://www.war.gov/medialink/ufo/061226/release_03/thumbnails/FBI-UAP-D021_Digital-Rendering_Incident-1-3_Western-US-Event_2023.jpg	raw/images/FBI-UAP-D021_Digital-Rendering_Incident-1-3_Western-US-Event_2023.jpg
https://www.war.gov/medialink/ufo/061226/release_03/documents/FBI-UAP-D022_Digital-Rendering_Incident-2-6_Western-US-Event_2023.jpg	raw/images/FBI-UAP-D022_Digital-Rendering_Incident-2-6_Western-US-Event_2023.jpg
https://www.war.gov/medialink/ufo/061226/release_03/thumbnails/FBI-UAP-D022_Digital-Rendering_Incident-2-6_Western-US-Event_2023.jpg	raw/images/FBI-UAP-D022_Digital-Rendering_Incident-2-6_Western-US-Event_2023.jpg
https://www.war.gov/medialink/ufo/061226/release_03/documents/FBI-UAP-D023_Digital-Rendering_Incident-2-7_Western-US-Event_2023.jpg	raw/images/FBI-UAP-D023_Digital-Rendering_Incident-2-7_Western-US-Event_2023.jpg
https://www.war.gov/medialink/ufo/061226/release_03/thumbnails/FBI-UAP-D023_Digital-Rendering_Incident-2-7_Western-US-Event_2023.jpg	raw/images/FBI-UAP-D023_Digital-Rendering_Incident-2-7_Western-US-Event_2023.jpg
https://www.war.gov/medialink/ufo/061226/release_03/documents/ICA-UAP-D001_Analysis_Colorado-Springs-UAP-Incident.pdf	raw/docs/ICA-UAP-D001_Analysis_Colorado-Springs-UAP-Incident.pdf
https://www.war.gov/medialink/ufo/061226/release_03/thumbnails/ICA-UAP-D001_Analysis_Colorado-Springs-UAP-Incident.jpg	raw/images/ICA-UAP-D001_Analysis_Colorado-Springs-UAP-Incident.jpg
https://www.war.gov/medialink/ufo/release_1/nasa-uap-d1-apollo-12-transcript-1969.pdf	raw/docs/nasa-uap-d1-apollo-12-transcript-1969.pdf
https://www.war.gov/medialink/ufo/release_1/thumbnail/nasa-uap-d1-apollo-12-transcript-1969.jpg	raw/images/nasa-uap-d1-apollo-12-transcript-1969.jpg
https://www.war.gov/medialink/ufo/release_1/nasa-uap-d2-apollo-17-transcript-1972.pdf	raw/docs/nasa-uap-d2-apollo-17-transcript-1972.pdf
https://www.war.gov/medialink/ufo/release_1/thumbnail/nasa-uap-d2-apollo-17-transcript-1972.jpg	raw/images/nasa-uap-d2-apollo-17-transcript-1972.jpg
https://www.war.gov/medialink/ufo/release_1/255_t_763_r1b_transcripts.pdf	raw/docs/255_t_763_r1b_transcripts.pdf
https://www.war.gov/medialink/ufo/release_1/thumbnail/255_t_763_r1b_transcripts.jpg	raw/images/255_t_763_r1b_transcripts.jpg
https://www.war.gov/medialink/ufo/release_1/nasa-uap-d4-apollo-11-technical-crew-debriefing-1969.pdf	raw/docs/nasa-uap-d4-apollo-11-technical-crew-debriefing-1969.pdf
https://www.war.gov/medialink/ufo/release_1/thumbnail/nasa-uap-d4-apollo-11-technical-crew-debriefing-1969.jpg	raw/images/nasa-uap-d4-apollo-11-technical-crew-debriefing-1969.jpg
https://www.war.gov/medialink/ufo/release_1/nasa-uap-d5-apollo-17-crew-debriefing-for-science-1973.pdf	raw/docs/nasa-uap-d5-apollo-17-crew-debriefing-for-science-1973.pdf
https://www.war.gov/medialink/ufo/release_1/thumbnail/nasa-uap-d5-apollo-17-crew-debriefing-for-science-1973.jpg	raw/images/nasa-uap-d5-apollo-17-crew-debriefing-for-science-1973.jpg
https://www.war.gov/medialink/ufo/release_1/nasa-uap-d6-apollo-17-technical-crew-debriefing-1973.pdf	raw/docs/nasa-uap-d6-apollo-17-technical-crew-debriefing-1973.pdf
https://www.war.gov/medialink/ufo/release_1/thumbnail/nasa-uap-d6-apollo-17-technical-crew-debriefing-1973.jpg	raw/images/nasa-uap-d6-apollo-17-technical-crew-debriefing-1973.jpg
https://www.war.gov/medialink/ufo/release_1/nasa-uap-d7-skylab-technical-crew-debriefing-1973.pdf	raw/docs/nasa-uap-d7-skylab-technical-crew-debriefing-1973.pdf
https://www.war.gov/medialink/ufo/release_1/thumbnail/nasa-uap-d7-skylab-technical-crew-debriefing-1973.jpg	raw/images/nasa-uap-d7-skylab-technical-crew-debriefing-1973.jpg
https://www.war.gov/medialink/ufo/061226/release_03/documents/NASA-UAP-D015_Astronaut-Scientific-Debriefings_1962-1963.pdf	raw/docs/NASA-UAP-D015_Astronaut-Scientific-Debriefings_1962-1963.pdf
https://www.war.gov/medialink/ufo/061226/release_03/thumbnails/NASA-UAP-D015_Astronaut-Scientific-Debriefings_1962-1963.jpg	raw/images/NASA-UAP-D015_Astronaut-Scientific-Debriefings_1962-1963.jpg
https://www.war.gov/medialink/ufo/061226/release_03/documents/NASA-UAP-D016_Preliminary-Gemini-4-Crew-Debriefing_Part1_1965.pdf	raw/docs/NASA-UAP-D016_Preliminary-Gemini-4-Crew-Debriefing_Part1_1965.pdf
https://www.war.gov/medialink/ufo/061226/release_03/thumbnails/NASA-UAP-D016_Preliminary-Gemini-4-Crew-Debriefing_Part1_1965.jpg	raw/images/NASA-UAP-D016_Preliminary-Gemini-4-Crew-Debriefing_Part1_1965.jpg
https://www.war.gov/medialink/ufo/061226/release_03/documents/NASA-UAP-D017_Preliminary-Gemini-4-Crew-Debriefing_Part2_1965.pdf	raw/docs/NASA-UAP-D017_Preliminary-Gemini-4-Crew-Debriefing_Part2_1965.pdf
https://www.war.gov/medialink/ufo/061226/release_03/thumbnails/NASA-UAP-D017_Preliminary-Gemini-4-Crew-Debriefing_Part2_1965.jpg	raw/images/NASA-UAP-D017_Preliminary-Gemini-4-Crew-Debriefing_Part2_1965.jpg
https://www.war.gov/medialink/ufo/061226/release_03/documents/NASA-UAP-D018_Gemini-4_Experiment-Debriefing_1967.pdf	raw/docs/NASA-UAP-D018_Gemini-4_Experiment-Debriefing_1967.pdf
https://www.war.gov/medialink/ufo/061226/release_03/thumbnails/NASA-UAP-D018_Gemini-4_Experiment-Debriefing_1967.jpg	raw/images/NASA-UAP-D018_Gemini-4_Experiment-Debriefing_1967.jpg
https://www.war.gov/medialink/ufo/061226/release_03/documents/NASA-UAP-D019_Gemini-5-Technical-Debriefing_Part1_1965.pdf	raw/docs/NASA-UAP-D019_Gemini-5-Technical-Debriefing_Part1_1965.pdf
https://www.war.gov/medialink/ufo/061226/release_03/thumbnails/NASA-UAP-D019_Gemini-5-Technical-Debriefing_Part1_1965.jpg	raw/images/NASA-UAP-D019_Gemini-5-Technical-Debriefing_Part1_1965.jpg
https://www.war.gov/medialink/ufo/061226/release_03/documents/NASA-UAP-D020_Gemini-5-Technical-Debriefing_Part2_1965.pdf	raw/docs/NASA-UAP-D020_Gemini-5-Technical-Debriefing_Part2_1965.pdf
https://www.war.gov/medialink/ufo/061226/release_03/thumbnails/NASA-UAP-D020_Gemini-5-Technical-Debriefing_Part2_1965.jpg	raw/images/NASA-UAP-D020_Gemini-5-Technical-Debriefing_Part2_1965.jpg
https://www.war.gov/medialink/ufo/061226/release_03/documents/NASA-UAP-D021_Gemini-7-Technical-Debriefing_1965.pdf	raw/docs/NASA-UAP-D021_Gemini-7-Technical-Debriefing_1965.pdf
https://www.war.gov/medialink/ufo/061226/release_03/thumbnails/NASA-UAP-D021_Gemini-7-Technical-Debriefing_1965.jpg	raw/images/NASA-UAP-D021_Gemini-7-Technical-Debriefing_1965.jpg
https://www.war.gov/medialink/ufo/061226/release_03/documents/NASA-UAP-D022_Gemini-9-Debriefing_1966.pdf	raw/docs/NASA-UAP-D022_Gemini-9-Debriefing_1966.pdf
https://www.war.gov/medialink/ufo/061226/release_03/thumbnails/NASA-UAP-D022_Gemini-9-Debriefing_1966.jpg	raw/images/NASA-UAP-D022_Gemini-9-Debriefing_1966.jpg
https://www.war.gov/medialink/ufo/release_1/nasa-uap-vm1-apollo-12-1969.jpg	raw/images/nasa-uap-vm1-apollo-12-1969.jpg
https://www.war.gov/medialink/ufo/release_1/thumbnail/nasa-uap-vm1-apollo-12-1969.jpg	raw/images/nasa-uap-vm1-apollo-12-1969.jpg
https://www.war.gov/medialink/ufo/release_1/nasa-uap-vm2-apollo-12-1969.jpg	raw/images/nasa-uap-vm2-apollo-12-1969.jpg
https://www.war.gov/medialink/ufo/release_1/thumbnail/nasa-uap-vm2-apollo-12-1969.jpg	raw/images/nasa-uap-vm2-apollo-12-1969.jpg
https://www.war.gov/medialink/ufo/release_1/nasa-uap-vm3-apollo-12-1969.jpg	raw/images/nasa-uap-vm3-apollo-12-1969.jpg
https://www.war.gov/medialink/ufo/release_1/thumbnail/nasa-uap-vm3-apollo-12-1969.jpg	raw/images/nasa-uap-vm3-apollo-12-1969.jpg
https://www.war.gov/medialink/ufo/release_1/nasa-uap-vm4-apollo-12-1969.jpg	raw/images/nasa-uap-vm4-apollo-12-1969.jpg
https://www.war.gov/medialink/ufo/release_1/thumbnail/nasa-uap-vm4-apollo-12-1969.jpg	raw/images/nasa-uap-vm4-apollo-12-1969.jpg
https://www.war.gov/medialink/ufo/release_1/nasa-uap-vm5-apollo-12-1969.jpg	raw/images/nasa-uap-vm5-apollo-12-1969.jpg
https://www.war.gov/medialink/ufo/release_1/thumbnail/nasa-uap-vm5-apollo-12-1969.jpg	raw/images/nasa-uap-vm5-apollo-12-1969.jpg
https://www.war.gov/medialink/ufo/release_1/nasa-uap-vm6-apollo-17-1972.jpg	raw/images/nasa-uap-vm6-apollo-17-1972.jpg
https://www.war.gov/medialink/ufo/release_1/thumbnail/nasa-uap-vm6-apollo-17-1972.jpg	raw/images/nasa-uap-vm6-apollo-17-1972.jpg
https://www.war.gov/medialink/ufo/052226/release_02/documents/ODNI-UAP-D001_USPER_Narrative_Senior_USIC.pdf	raw/docs/ODNI-UAP-D001_USPER_Narrative_Senior_USIC.pdf
https://www.war.gov/medialink/ufo/052226/release_02/thumbnails/ODNI-UAP-D001_USPER_Narrative_Senior_USIC.jpg	raw/images/ODNI-UAP-D001_USPER_Narrative_Senior_USIC.jpg
https://www.war.gov/medialink/ufo/release_1/dos-uap-d1-cable-1-papua-new-guinea-january-1985.pdf	raw/docs/dos-uap-d1-cable-1-papua-new-guinea-january-1985.pdf
https://www.war.gov/medialink/ufo/release_1/thumbnail/dos-uap-d1-cable-1-papua-new-guinea-january-1985.jpg	raw/images/dos-uap-d1-cable-1-papua-new-guinea-january-1985.jpg
https://www.war.gov/medialink/ufo/release_1/dos-uap-d2-cable-2-kazakhstan-january-1994.pdf	raw/docs/dos-uap-d2-cable-2-kazakhstan-january-1994.pdf
https://www.war.gov/medialink/ufo/release_1/thumbnail/dos-uap-d2-cable-2-kazakhstan-january-1994.jpg	raw/images/dos-uap-d2-cable-2-kazakhstan-january-1994.jpg
https://www.war.gov/medialink/ufo/release_1/059uap00011.pdf	raw/docs/059uap00011.pdf
https://www.war.gov/medialink/ufo/release_1/thumbnail/059uap00011.jpg	raw/images/059uap00011.jpg
https://www.war.gov/medialink/ufo/release_1/059uap00012.pdf	raw/docs/059uap00012.pdf
https://www.war.gov/medialink/ufo/release_1/thumbnail/059uap00012.jpg	raw/images/059uap00012.jpg
https://www.war.gov/medialink/ufo/release_1/059uap00013.pdf	raw/docs/059uap00013.pdf
https://www.war.gov/medialink/ufo/release_1/thumbnail/059uap00013.jpg	raw/images/059uap00013.jpg
https://www.war.gov/medialink/ufo/061226/release_03/documents/USG-UAP-D001_Congress-WhiteHouse-UFO-Correspondence_1998.pdf	raw/docs/USG-UAP-D001_Congress-WhiteHouse-UFO-Correspondence_1998.pdf
https://www.war.gov/medialink/ufo/061226/release_03/thumbnails/USG-UAP-D001_Congress-WhiteHouse-UFO-Correspondence_1998.jpg	raw/images/USG-UAP-D001_Congress-WhiteHouse-UFO-Correspondence_1998.jpg
https://www.war.gov/medialink/ufo/release_1/usper-statement-redacted.pdf	raw/docs/usper-statement-redacted.pdf
https://www.war.gov/medialink/ufo/release_1/thumbnail/usper-statement-redacted.jpg	raw/images/usper-statement-redacted.jpg
https://www.war.gov/medialink/ufo/release_1/western_us_event_slides_5.08.2026.pdf	raw/docs/western_us_event_slides_5.08.2026.pdf
https://www.war.gov/medialink/ufo/release_1/thumbnail/western_us_event_slides_5.08.2026.jpg	raw/images/western_us_event_slides_5.08.2026.jpg
